zh,en,category,note
溧水,Lishui,地名,"必须与浙江丽水（Lishui, Zhejiang）区分"
溧水区,Lishui District,行政区划,首次出现用全称，后文可用 the district
溧水县,Lishui County,行政区划,2013 年撤县设区前的县制名称
溧水州,Lishui Zhou,行政区划,元代由县升州，英文保留州制音译 Zhou 并附 prefecture 说明
蒋州,Jiangzhou,行政区划,隋代州名
丹阳郡,Danyang Commandery,行政区划,隋代郡名
升州,Shengzhou,行政区划,唐代州名
江宁府,Jiangning Prefecture,行政区划,宋、清府名
建康府,Jiankang Prefecture,行政区划,南宋府名
集庆路,Jiqing Circuit,行政区划,元代路名，英文用 Circuit 表示路
应天府,Yingtian Prefecture,行政区划,明代府名
镇江专区,Zhenjiang Prefecture,行政区划,1949 年后行政督察区名
溧阳县,Liyang County,行政区划,隋置溧水县时析出的来源县
永阳街道,Yongyang Subdistrict,行政区划,通名 Subdistrict，其余街道同理
柘塘街道,Zhetang Subdistrict,行政区划,与溧水开发区合署
东屏街道,Dongping Subdistrict,行政区划,
洪蓝街道,Honglan Subdistrict,行政区划,
石湫街道,Shiqiu Subdistrict,行政区划,
白马镇,Baima Town,行政区划,通名 Town，其余镇同理
和凤镇,Hefeng Town,行政区划,
晶桥镇,Jingqiao Town,行政区划,
石头寨村,Shitouzhai Village,行政区划,通名 Village
梅梁渡,Meiliang Ferry,地名,明代漕运仓迁此，后改称仓口
仓口,Cangkou,地名,由梅梁渡改称，因漕运仓得名
秦淮河,Qinhuai River,水系,通行英文名，不写作 Qinhuai He
胭脂河,Yanzhi River,水系,专名音译 + 通名意译
石臼湖,Shijiu Lake,湖泊,专名音译 + Lake
天生桥,Tiansheng Bridge,古迹,不意译为 Natural Bridge，避免与自然景观混淆
胭脂岗,Yanzhi Hill,山体,开凿胭脂河的山岗
蒲塘桥,Putang Bridge,古迹,明代石拱桥
长乐桥,Changle Bridge,古迹,宋代石拱桥
永寿寺塔,Yongshou Temple Pagoda,古迹,通名 Pagoda
无想山,Wuxiang Mountain,山体,山名音译 + Mountain
无想寺,Wuxiang Temple,寺庙,
韩熙载读书台,Han Xizai's Reading Terrace,古迹,人名音译 + 意译的读书台
红色李巷,Lixiang Revolutionary Site,纪念地,「红色」意译为 Revolutionary，李巷音译
新四军,New Fourth Army,机构,通行英文名
《溧水县志》,Lishui County Gazetteer,文献,书名意译；具体版本写作 Lishui County Gazetteer (Shunzhi edition)
《万历溧水县志》,Lishui County Gazetteer (Wanli edition),文献,明代版本
《顺治溧水县志》,Lishui County Gazetteer (Shunzhi edition),文献,清顺治十五年刻本
《康熙溧水县志》,Lishui County Gazetteer (Kangxi edition),文献,
《乾隆溧水县志》,Lishui County Gazetteer (Qianlong edition),文献,
《光绪溧水县志》,Lishui County Gazetteer (Guangxu edition),文献,清光绪年间刻本
隋,Sui,朝代,通行英文朝代名，不音译
唐,Tang,朝代,
宋,Song,朝代,
元,Yuan,朝代,
明,Ming,朝代,
清,Qing,朝代,
民国,Republic of China,朝代,时间段表述用 the Republican period
当代,Contemporary,朝代,朝代取值，与 schema/terms.en.json 的 dynasty 一致；指「现今」的时间段表述另用 the present day
明代,Ming dynasty,朝代,条目 era 字段的取值
抗战时期,the War of Resistance period,时期,条目 era 字段的取值
明洪武年间,Hongwu period of the Ming,年号,条目 era 字段的取值
康熙年间,the Kangxi period,年号,条目 era 字段的取值
洪武二十六年,the twenty-sixth year of the Hongwu era,年号,公元 1393 年；条目 time.era 的取值
开皇十一年,the eleventh year of the Kaihuang era,年号,必须补公元年份，写作 the eleventh year of the Kaihuang era (591 CE)
洪武,the Hongwu era,年号,
元贞元年,the first year of the Yuanzhen era,年号,
隆庆,the Longqing era,年号,
会昌四年,the fourth year of the Huichang era,年号,
崇山侯,Marquis of Chongshan,职官,爵位意译
知县,zhixian (county magistrate),职官,先音译再补职掌说明，不硬套英国官职
漕运,grain transport,制度,专指漕粮运输
县志,county gazetteer,文献,通名意译
文物保护单位,protected cultural relic site,制度,级别见 protection_level 取值表
全国重点文物保护单位,Major Historical and Cultural Site Protected at the National Level,制度,英文用官方通行译法
江苏省文物保护单位,Cultural Relic Site Protected at the Provincial Level of Jiangsu,制度,
高淳,Gaochun,行政区划,明代析溧水西南境置高淳县，与溧水分治
会稽郡,Kuaiji Commandery,行政区划,秦郡名
鄣郡,Zhang Commandery,行政区划,秦汉郡名
宣州,Xuanzhou,行政区划,唐代州名
扬州,Yangzhou,行政区划,唐代州名
江宁郡,Jiangning Commandery,行政区划,唐肃宗至德二载置
永安县,Yong'an County,行政区划,六朝析置县，与今福建永安无关
永世县,Yongshi County,行政区划,六朝析置县
平陵县,Pingling County,行政区划,六朝析置县
广通镇,Guangtong,地名,明代胭脂河沿线置闸处
洪蓝埠,Honglan Wharf,地名,胭脂河南端入石臼湖处
固城湖,Gucheng Lake,湖泊,胭脂河配套闸坝涉及的湖泊
丹阳湖,Danyang Lake,湖泊,
回峰山,Huifeng Mountain,山体,神仙洞遗址所在，山名音译 + Mountain
神仙洞,Shenxian Cave,遗址,回峰山石灰岩溶洞遗址
魏家村土墩墓群,Weijiacun Mound Tombs,墓葬,第七批江苏省文物保护单位
苏南行政公署,Southern Jiangsu Administrative Office,机构,1949 年后苏南行政区机构
中共苏皖区委,CPC Jiangsu-Anhui Regional Committee,机构,抗战时期苏南党组织
新四军第六师十六旅,"16th Brigade, 6th Division, New Fourth Army",机构,番号照录，不简化
《苏南施政纲领》,Administrative Programme for Southern Jiangsu,文献,书名意译
塘马战斗,Tangma Battle,事件,1941 年 11 月，此后苏南领导机关移驻李巷
苏南小延安,the Little Yan'an of southern Jiangsu,地名,史学界称法，英文加引号并标明为转述
陈毅,Chen Yi,人名,
江渭清,Jiang Weiqing,人名,
钟国楚,Zhong Guochu,人名,
徐良彦,Xu Liangyan,人名,明万历年间溧水知县
李新,Li Xin,人名,崇山侯，督凿胭脂河
潘振,Pan Zhen,人名,宋建炎三年溧水县尉，守城死
贺一桂,He Yigui,人名,明隆庆元年溧水知县
达鲁花赤,darughachi,职官,元代监临官，音译后补一句说明
知州,prefect,职官,州级长官；元代达鲁花赤位在其上
次畿,ciji (secondary metropolitan county),制度,宋代县等，音译后补说明
全国乡村旅游重点村,National Key Rural Tourism Village,制度,文旅部评定称号
4A 级旅游景区,4A-rated tourist attraction,制度,旅游景区质量等级
国家级水利风景区,National Water Conservancy Scenic Area,制度,水利部评定称号
年号通用式,the Nth year of the X era (Y CE),规则,年号保留音译并补公元年份；N 用英文序数词，X 用年号音译，Y 为公元年份。街镇站的纪年按本表年号词根判定可译，不逐条登记完整纪年
街镇通名,Town / Subdistrict,规则,镇用 Town，街道用 Subdistrict，村用 Village
蒲塘村,Putang Village,地名,洪蓝街道蒲塘桥所在村
长乐村,Changle Village,地名,东屏街道长乐桥所在村
石山下村,Shishanxia Village,地名,晶桥镇晶桥刘氏宗祠所在村
郭塘头,Guotangtou,地名,洪蓝街道赵氏宗祠所在村
观前头,Guanqiantou,地名,晶桥镇寻仙观所在村
白石观,Baishiguan,地名,晶桥镇金井涌泉所在村
艾园,Aiyuan,地名,溧水开发区颜氏宗祠所在村
中杨村,Zhongyang Village,地名,和凤镇义气墩所在村
杨家村,Yangjia Village,地名,和凤镇和凤杨氏宗祠所在村
诸家村,Zhujia Village,地名,和凤镇和凤诸氏宗祠所在村
黄家村,Huangjia Village,地名,和凤镇黄家古井所在村
枫香岭村,Fengxiangling Village,地名,晶桥镇中山烈士陵园所在村
李巷,Lixiang,地名,白马镇石头寨村李巷；「红色李巷」见该条
望京街,Wangjing Street,地名,永阳镇永昌桥所在街
团山,Tuanshan,山体,柘塘街道乌山团山，宋瑛墓所在
乌山,Wushan,山体,柘塘街道；「乌山」另为原乡镇名，今柘塘街道居民委员会
秋湖山,Qiuhu Mountain,山体,永阳街道，明代采石场所在
东庐山,Donglu Mountain,山体,永阳镇，秦淮源头所在
大金山,Dajin Mountain,山体,白马镇
石山,Shishan,山体,石湫镇石山遗址所在
宋瑛墓,Song Ying's Tomb,墓葬,明驸马宋瑛墓，柘塘街道乌山团山
义气墩,Yiqidun Mound,墓葬,和凤镇中杨村；市、区两级名录级别与时代不一致。区级民间文学项目「义气墩故事」在条目里作 The Tale of Yiqidun
黄家古井,Huangjia Ancient Well,古迹,和凤镇黄家村
洪蓝芮氏宗祠,"Rui Ancestral Hall, Honglan",古迹,洪蓝街道仓口村
石湫魏氏宗祠,"Wei Ancestral Hall, Shiqiu",古迹,石湫街道魏家村
和凤杨氏宗祠,"Yang Ancestral Hall, Hefeng",古迹,和凤镇杨家村
和凤诸氏宗祠,"Zhu Ancestral Hall, Hefeng",古迹,和凤镇诸家村
晶桥刘氏宗祠,"Liu Ancestral Hall, Jingqiao",古迹,晶桥镇石山下村
颜氏宗祠,Yan Ancestral Hall,古迹,开发区艾园村
赵氏宗祠,Zhao Ancestral Hall,古迹,洪蓝镇郭塘头村
樊氏宗祠,Fan Ancestral Hall,古迹,洪蓝镇仓口村
邱氏宗祠,Qiu Ancestral Hall,古迹,洪蓝镇仓口村
永昌桥,Yongchang Bridge,古迹,永阳镇望京街，区级第三批
寻仙观,Xunxian Temple,寺庙,晶桥镇观前头村；道观，通名沿用 Temple
金井涌泉,Jinjing Spring,古迹,晶桥镇白石观村
秦淮源头,Source of the Qinhuai River,水系,永阳镇东庐山
无想寺摩崖石刻,Wuxiang Temple Cliff Inscriptions,石刻,市级文保，洪蓝街道无想山
秋湖山古采石场,Qiuhu Mountain Quarry,遗址,明代采石场，市级文保
石山遗址,Shishan Site,遗址,新石器时期，区级第三批
李巷革命遗址建筑群,Lixiang Revolutionary Site Buildings,纪念地,区级第三批，白马镇李巷村
大金山抗战遗址,Dajin Mountain War of Resistance Site,纪念地,白马镇；级别待核
回峰山反顽战役遗址,Huifeng Mountain Counter-Diehard Campaign Site,纪念地,市级第五批，白马镇回峰山
中山烈士陵园,Zhongshan Martyrs' Cemetery,纪念地,1959 年建，晶桥镇枫香岭村
中山水库,Zhongshan Reservoir,水系,1959 年建成，一干河上游
方便水库,Fangbian Reservoir,水系,1959 年建成
宋瑛,Song Ying,人名,明驸马，宋瑛墓墓主
韩熙载,Han Xizai,人名,南唐
李佛保,Li Fobao,人名,明嘉靖年间溧水抗倭勇士
吴仕诠,Wu Shiquan,人名,万历《溧水县志》修者
黄汝金,Huang Rujin,人名,万历《溧水县志》纂者
闵派鲁,Min Pailu,人名,顺治《溧水县志》修者
林古度,Lin Gudu,人名,顺治《溧水县志》纂者
刘登科,Liu Dengke,人名,康熙《溧水县志》修者
程之望,Cheng Zhiwang,人名,康熙《溧水县志》纂者
王芝藻,Wang Zhizao,人名,康熙《溧水县志》纂者
凌世御,Ling Shiyu,人名,乾隆《溧水县志》修者
方性存,Fang Xingcun,人名,乾隆《溧水县志》纂者
傅观光,Fu Guangguang,人名,光绪《溧水县志》修者
丁维诚,Ding Weicheng,人名,光绪《溧水县志》纂者
俞栗,Yu Li,人名,北宋崇宁四年状元，状元坊所本
杨立铭,Yang Liming,人名,物理学家，溧水籍
杨立炯,Yang Lijiong,人名,水稻栽培学家，溧水籍
李乾一,Li Qianyi,人名,1933 年创办溧水私立伯纯初级中学
苏南反顽战役,the Southern Jiangsu Counter-Diehard Campaign,事件,1943 年 4 月，涉及回峰山
抗大九分校,"Ninth Branch School, Anti-Japanese Military and Political University",机构,1943 年苏南反顽战役参战部队
苏南区行政公署,Southern Jiangsu Administrative Office (wartime),机构,抗战时期苏南政权机关，与 1949 年后的苏南行政公署不是同一机构
伯纯初级中学,Bocun Junior Middle School,机构,1933 年创办的溧水私立中学
宋代,the Song dynasty,朝代,条目 era 字段与标签的取值；朝代名英文统一加定冠词 the
清代,the Qing dynasty,朝代,条目 era 字段与标签的取值；朝代名英文统一加定冠词 the
民国时期,the Republican period,朝代,条目 era 字段的取值
新石器时期,the Neolithic,时期,条目 era 字段的取值
旧石器时代晚期,the Late Palaeolithic,时期,条目 era 字段的取值
西周至春秋,the Western Zhou to Spring and Autumn period,时期,条目 era 字段的取值
春秋战国,the Spring and Autumn and Warring States period,时期,条目 era 字段的取值
隋大业四年,the fourth year of the Daye era,年号,公元 608 年
唐武德三年,the third year of the Wude era,年号,公元 620 年
唐至德二载,the second year of the Zhide era,年号,公元 757 年
唐上元二年,the second year of the Shangyuan era,年号,公元 761 年
唐大顺元年,the first year of the Dashun era,年号,公元 890 年
宋天禧二年,the second year of the Tianxi era,年号,公元 1018 年
宋建炎三年,the third year of the Jianyan era,年号,公元 1129 年
宋景定二年,the second year of the Jingding era,年号,公元 1261 年；《景定建康志》成书之年
元天历二年,the second year of the Tianli era,年号,公元 1329 年
明洪武二十六年,the twenty-sixth year of the Hongwu era,年号,公元 1393 年
明永乐元年,the first year of the Yongle era,年号,公元 1403 年
明弘治四年,the fourth year of the Hongzhi era,年号,公元 1491 年
明正德三年,the third year of the Zhengde era,年号,公元 1508 年
明正德四年,the fourth year of the Zhengde era,年号,公元 1509 年
明嘉靖四年,the fourth year of the Jiajing era,年号,公元 1525 年
明嘉靖七年,the seventh year of the Jiajing era,年号,公元 1528 年
明嘉靖三十四年,the thirty-fourth year of the Jiajing era,年号,公元 1555 年
明隆庆元年,the first year of the Longqing era,年号,公元 1567 年
明万历七年,the seventh year of the Wanli era,年号,公元 1579 年
明万历三十四年,the thirty-fourth year of the Wanli era,年号,公元 1606 年
清顺治十五年,the fifteenth year of the Shunzhi era,年号,公元 1658 年
清康熙十六年,the sixteenth year of the Kangxi era,年号,公元 1677 年
清乾隆四十二年,the forty-second year of the Qianlong era,年号,公元 1777 年
清光绪九年,the ninth year of the Guangxu era,年号,公元 1883 年
南京市,Nanjing,行政区划,
江苏省,Jiangsu Province,行政区划,
江宁,Jiangning,行政区划,宋以前县名；今南京市江宁区
丹阳,Danyang,地名,今南京市江宁区小丹阳；隋置溧水县时析其故地
固城,Gucheng,地名,春秋濑渚邑所筑之城，在今高淳之南
濑渚邑,Laizhu Yi,地名,春秋时溧水之地名
陵平,Lingping,地名,吴迁濑邑于陵平山下所改之名，在今溧阳
秣陵,Moling,地名,秦改金陵为秣陵
东坝,Dongba,地名,今南京市高淳区东坝；元兵由此趋溧水
铜关,Tongguan,地名,宋末溧水境内关隘
永丰圩,Yongfeng Polder,地名,宋代圩田；绍兴年间赐秦桧
凤贤圩,Fengxian Polder,地名,明代溧水圩田
山阳乡,Shanyang Township,地名,清初溧水乡名
白鹿乡,Bailu Township,地名,清初溧水乡名
思鹤乡,Sihe Township,地名,旧溧水乡名；康熙志孝子传、义士传所记
赞贤乡,Zanxian Township,地名,旧溧水乡名；康熙志孝子传所记
丰庆乡,Fengqing Township,地名,旧溧水乡名；康熙志孝子传所记
仙坛乡,Xiantan Township,地名,旧溧水乡名；康熙志孝子传所记，下辖一图荷塘村
荷塘村,Hetang Village,地名,仙坛乡一图属村；康熙志孝子传两条同记其地
漆桥,Qiqiao,地名,康熙志孝子传所记居处之地
巉山,Chanshan,地名,康熙志艺文志端木府君墓志铭所记迁居与葬地
蒲村,Pucun,地名,清初山阳乡属村
状元坊,Zhuangyuan Fang,地名,溧水城区地名；因北宋俞栗中状元得名
杜城山,Ducheng Mountain,山体,唐武德年间杜伏威屯军处
浮山,Fushan,山体,明崇祯年间民取白土充饥处
狮子山,Shizi Mountain,山体,明崇祯元年筑圩埂处
峒岘山,Tongxian Mountain,山体,清初白鹿乡属山
中山,Zhongshan,山体,溧水境内山名；与南京紫金山（亦称中山）无关
一干河,Yigan River,水系,中山水库所在河流
中山书院,Zhongshan Academy,机构,明嘉靖二十年置义田；清代溧水书院
苏南反顽战役纪念馆,Memorial Hall of the Southern Jiangsu Counter-Diehard Campaign,机构,溧水区
宁杭高速铁路,Nanjing–Hangzhou High-Speed Railway,机构,2013 年 7 月 1 日开通运营
靖难之役,Jingnan Campaign,事件,明建文年间
渡江战役,Yangtze Crossing Campaign,事件,1949 年 4 月
《景定建康志》,Jiankang Gazetteer of 1261,文献,南宋景定二年成书
《中国地方志联合目录》,Union Catalogue of Chinese Local Gazetteers,文献,中国科学院北京天文台主编
《均甲平徭册》,Record of Equalised Corvée,文献,清顺治十二年闵派鲁编
齐泰,Qi Tai,人名,明建文朝兵部尚书；溧水人；死于靖难之役
伍员,Wu Yuan,人名,春秋吴国大夫；周敬王十四年伐楚烧固城
李煜,Li Yu,人名,南唐后主
曹彬,Cao Bin,人名,宋初大将；开宝八年遣将败江南军于溧水
秦桧,Qin Hui,人名,南宋权臣；绍兴年间受赐永丰圩田
徐达,Xu Da,人名,明初大将；元至正十五年取溧水州
王从善,Wang Congshan,人名,明嘉靖间溧水知县；名宦传作嘉靖三年任
曾震,Zeng Zhen,人名,明嘉靖三十七年溧水知县；筑石城
傅应祯,Fu Yingzhen,人名,明万历二年溧水知县
徐必达,Xu Bida,人名,明万历二十五年溧水知县；后为应天府尹
刘应雷,Liu Yinglei,人名,明隆庆三年任溧水知县；隆庆五年丈量田亩
陈子贞,Chen Zizhen,人名,明万历九年溧水知县
喻言兴,Yu Yanxing,人名,明万历二十三年溧水知县
谢廷,Xie Ting,人名,明嘉靖二十年溧水知县
高翀,Gao Chong,人名,明嘉靖七年溧水知县
李旦,Li Dan,人名,明嘉靖七年溧水教谕
姜从周,Jiang Congzhou,人名,明嘉靖三十一年溧水主簿
曾就义,Zeng Jiuyi,人名,明崇祯元年溧水知县
张整,Zhang Zheng,人名,明正德三年捐谷赈饥的邑民
席书,Xi Shu,人名,明嘉靖二年奉遣赈灾的侍郎
彭礼,Peng Li,人名,明弘治十六年巡抚都御史
罗佳士,Luo Jiashi,人名,清顺治二年溧水知县
方至道,Fang Zhidao,人名,清顺治二年溧水典史；率众以全城降
王观瀛,Wang Guanying,人名,清顺治二年溧水知县；弃官去
安应睟,An Yingsui,人名,清顺治七年溧水知县
刘虔,Liu Qian,人名,清顺治二年义士；土贼焚县堂时战死
洪承畴,Hong Chengchou,人名,清初内院大学士
李蔚,Li Wei,人名,清顺治年间溧水绅士
萧秉乾,Xiao Bingqian,人名,清顺治年间溧水绅士
胡文美,Hu Wenmei,人名,清顺治年间溧水绅士
许桂,Xu Gui,人名,元泰定元年旌表的百岁民
李衡,Li Heng,人名,元至元三年溧水知州
杨宠,Yang Chong,人名,元至正十五年劝铁同知以全城降的义民
也先帖木儿,Esen Temür,人名,元末将领；至正十三年复溧水
阿剌罕,Alahan,人名,元初将领；德祐元年由西道趋溧水
伯颜,Bayan,人名,元初行省平章事；统溧水等县
田钦祚,Tian Qinzuo,人名,宋将；开宝八年败江南军于溧水
王钦若,Wang Qinruo,人名,宋臣；天圣元年议罢溧水采丹砂
卢襄,Lu Xiang,人名,宋宣和七年知府事；请罢三湖为圩田
苏逸,Su Yi,人名,东晋咸和四年为王允之所获
王允之,Wang Yunzhi,人名,东晋将军
严密,Yan Mi,人名,吴都尉；永安元年开丹阳湖田
孔景宣,Kong Jingxuan,人名,南朝宋永世令；泰始二年叛
刘休文,Liu Xiuwen,人名,南朝宋溧阳令
杨行密,Yang Xingmi,人名,唐末宁国军节度使
孙孺,Sun Ru,人名,唐末攻宣州；军屯溧水
李福,Li Fu,人名,杨行密部将；夜袭孙孺军
徐知诰,Xu Zhigao,人名,南唐烈祖
塘马,Tangma,地名,1941 年塘马战斗发生地，在今溧阳
永阳镇,Yongyang Town,行政区划,2015 年改设永阳街道
柘塘镇,Zhetang Town,行政区划,2015 年改设柘塘街道
东屏镇,Dongping Town,行政区划,2018 年改设东屏街道
洪蓝镇,Honglan Town,行政区划,2018 年改设洪蓝街道
石湫镇,Shiqiu Town,行政区划,2018 年改设石湫街道
濑水,Laishui,水系,旧志谓「溧水者濑水也」，溧水得名所本
天兴寺,Tianxing Temple,寺庙,南唐溧水寺院；升元六年桑树生木人一事所出
表忠祠,Biaozhong Shrine,古迹,明嘉靖四年知县王从善为齐泰所建
便民新仓,Bianmin New Granary,古迹,明隆庆元年知县贺一桂改建
先斯仓,Xiansi Granary,古迹,明嘉靖五年知县王从善建
广通坝,Guangtong Dam,古迹,明正德七年筑，塞广通镇二闸
溧水石城,the stone wall of Lishui,城防,明嘉靖三十七年知县曾震筑
漕粮改折,commutation of grain tax,制度,明代溧水漕米改折银两
南唐,Southern Tang,时期,条目 era 字段的取值
南朝,Southern Dynasties,时期,条目 era 字段的取值
年代未详,Date undetermined,时期,条目 era 字段的取值
宝塔公园,Baota Park,地名,永阳街道，永寿寺塔所在
咸宁公主,Xianning Princess,人名,明驸马宋瑛之妻；宋瑛墓出土墓志之一
骆山村,Luoshan Village,行政区划,和凤镇骆山村，骆山大龙的流传地
西宋村,Xisong Village,行政区划,晶桥镇陶村西宋村，西宋马灯的流传地
陶村,Tao Village,行政区划,晶桥镇
上庄村,Shangzhuang Village,行政区划,洪蓝街道上港社区
上港社区,Shanggang Community,行政区划,洪蓝街道；上庄村所属社区
张家村,Zhangjia Village,行政区划,和凤镇张家村，传统村落
邰村,Tai Village,行政区划,晶桥镇邰村，传统村落
孙家巷村,Sunjiaxiang Village,行政区划,和凤镇
明觉社区,Mingjue Community,行政区划,石湫街道
蒲塘社区,Putang Community,行政区划,洪蓝街道
西旺社区,Xiwang Community,行政区划,洪蓝街道
孔镇,Kongzhen,地名,和凤镇孔镇村
骆山,Luoshan,地名,和凤镇骆山村，紧邻石臼湖
石湫,Shiqiu,地名,石湫街道
上方村,Shangfang Village,行政区划,石湫街道
孙家巷杨家村,"Yangjia Village, Sunjiaxiang",行政区划,和凤镇孙家巷村杨家，第六批江苏省传统村落
袁村,Yuancun,行政区划,东屏街道袁村，袁村划龙船流传地
胡村,Hucun,行政区划,洪蓝街道胡村，胡村滚龙流传地
马庄,Mazhuang,行政区划,石湫街道马庄，马庄龙灯流传地
何林坊,Helinfang,地名,和凤镇何林坊，何林坊双龙流传地
溧水开发区,Lishui Development Zone,行政区划,金陵旗袍制作技艺申报地
柘塘,Zhetang,地名,柘塘街道
洪蓝,Honglan,地名,洪蓝街道
和凤,Hefeng,地名,和凤镇
晶桥,Jingqiao,地名,晶桥镇
明觉,Mingjue,地名,石湫街道明觉社区
龙鸣山,Longming Mountain,山体,陶安《游龙鸣山记》所记山名，作者谓「即无想山也」
白居易,Bai Juyi,人名,唐代诗人，曾到溧水投奔任县令的叔父白季康
溧水学宫,Lishui Confucian School,古迹,唐武德七年始建，历代移建重修
无想山摩崖石刻,Wuxiang Mountain cliff inscriptions,古迹,凤泉、丹鼎、污尊铭三处
凤泉,Fengquan,古迹,摩崖石刻之一，明代王从善题
丹鼎,Danding,古迹,摩崖石刻之一
污尊铭,Wuzun Inscription,古迹,摩崖石刻之一，二十九字铭文
诸氏祠堂,Zhu Ancestral Hall,古迹,和凤镇张家村
傅氏祠堂,Fu Ancestral Hall,古迹,洪蓝街道上庄村
雍氏祠堂,Yong Ancestral Hall,古迹,洪蓝街道上庄村
骆山大龙,Luoshan Great Dragon,非遗,国家级非遗项目，和凤镇骆山村舞龙
蒲塘桥祠山庙会,Putang Bridge Cishan Temple Fair,非遗,省级非遗项目，洪蓝街道蒲塘社区
西宋马灯,Xisong Horse-lantern Dance,非遗,省级非遗项目，晶桥镇陶村西宋村
张氏喉科,Zhang Family Throat Clinic,非遗,省级非遗项目，柘塘卫生院
溧水剪纸,Lishui Paper-cutting,非遗,
明觉铁画锻制技艺,Mingjue Iron Painting Forging,非遗,南京市第一批非遗项目
洪蓝玉带糕制作技艺,Honglan Yudai Cake Making,非遗,
洪蓝传统牛肉制作技艺,Honglan Traditional Beef Making,非遗,
芮氏手抓鸡制作技艺,Rui Family Hand-torn Chicken,非遗,
明觉香菜制作技艺,Mingjue Pickled Greens,非遗,
明觉风鱼制作技艺,Mingjue Wind-dried Fish Making,非遗,区级第三批；与明觉香菜同列一件附件名目「明觉香菜／风鱼」
麦芽糖制作技艺,Malt Sugar Making,非遗,
竹编制作技艺,Bamboo Weaving,非遗,
虾子灯,Shrimp Lantern Dance,非遗,
石湫渔歌,Shiqiu Fishing Songs,非遗,
打社火,Shehuo Fire Festival,非遗,柘塘一带春节民俗
柘塘打社火,Zhetang Shehuo Fire Festival,非遗,区级名录作「打社火」，区政府「民俗风情」页作「柘塘打社火」
何林坊双龙,Helinfang Twin Dragons,非遗,
面塑,Dough Figurine Making,非遗,
泥塑,Clay Sculpture,非遗,
查氏膏药,Zha Family Plaster,非遗,
骆山杨氏中医,Yang Family Medicine of Luoshan,非遗,
溧水糕团制作技艺,Lishui Rice Cake Making,非遗,
酒酿饼制作技艺,Fermented Rice Pancake Making,非遗,
上方山芋粉丝制作技艺,Shangfang Sweet Potato Vermicelli,非遗,
浮山小籽花生炒制技艺,Fushan Small Peanut Roasting,非遗,
溧水古法酿酒制作技艺,Lishui Traditional Brewing,非遗,
金陵旗袍制作技艺,Jinling Qipao Making,非遗,
和凤神像木雕技艺,Hefeng Divine Statue Carving,非遗,
溧水白茶制作技艺,Lishui White Tea Making,非遗,
溧水传统插花,Lishui Traditional Flower Arrangement,非遗,
景泰蓝掐丝珐琅技艺,Cloisonné Enamel Craft,非遗,
陶艺烧造技艺,Pottery Firing,非遗,
老虎鞋,Tiger-head Shoes,非遗,
手抓鸡,Hand-torn Chicken,非遗,
袁村划龙船,Yuancun Dragon Boat Rowing,非遗,
胡村滚龙,Hucun Rolling Dragon,非遗,
马庄龙灯,Mazhuang Dragon Lantern,非遗,
张家龙灯,Zhangjia Dragon Lantern,非遗,
喇叭灯,Horn Lantern,非遗,
乌饭会,Black Rice Festival,非遗,和凤镇民俗
义气墩故事,The Tale of Yiqidun,非遗,民间文学
周邦彦,Zhou Bangyan,人名,北宋词人，约 1093—1096 年任溧水县令
袁枚,Yuan Mei,人名,清代诗人，曾任溧水知县
陶安,Tao An,人名,元末明初文人，作《游龙鸣山记》
白季康,Bai Jikang,人名,唐代溧水县令，白居易叔父
李白,Li Bai,人名,唐代诗人
周亮工,Zhou Lianggong,人名,清初文人，与无想山题刻相关
杨培庵,Yang Pei'an,人名,明代进士，相传为骆山大龙之始
杨木海,Yang Muhai,人名,骆山大龙第四代传人，国家级非遗传承人
杨书范,Yang Shufan,人名,骆山大龙第三批国家级非遗传承人
舒照兴,Shu Zhaoxing,人名,张氏喉科传承人
张远忠,Zhang Yuanzhong,人名,区级第三批传承人名单「中医」名目下
蒋婷,Jiang Ting,人名,区级第三批传承人名单「中医」名目下
刘文菊,Liu Wenju,人名,区级第三批传承人，附件记「明觉香菜／风鱼」
芮咏梅,Rui Yongmei,人名,区级第三批传承人，项目记「芮氏手抓鸡」
张菊花,Zhang Juhua,人名,区级第四批公示稿传承人，项目「景泰蓝掐丝珐琅技艺」
陶玉梅,Tao Yumei,人名,区级第四批公示稿传承人，项目「金陵旗袍制作技艺」
朱玉碧,Zhu Yubi,人名,区级第四批公示稿传承人，项目「溧水传统插花」
李雪皎,Li Xuejiao,人名,区级第三批传承人，项目「溧水剪纸」
李赣宾,Li Ganbin,人名,区级第三批传承人名单，项目记「剪纸」
李红燕,Li Hongyan,人名,区级第三批传承人名单，项目记「剪纸」
吴治平,Wu Zhiping,人名,区级第三批传承人名单，项目记「剪纸」
原卫妮,Yuan Weini,人名,区级第四批公示稿传承人，项目「溧水剪纸」
刘鸣,Liu Ming,人名,区级第四批公示稿传承人，项目「麦芽糖制作技艺」
南京市溧水区文化馆,Nanjing Lishui District Cultural Centre,机构,骆山大龙保护单位
溧水区文化和旅游局,Lishui District Culture and Tourism Bureau,机构,
溧水区人民政府,Lishui District People's Government,机构,
中国非物质文化遗产网,China Intangible Cultural Heritage Network,机构,
和凤镇文体中心,Hefeng Town Cultural and Sports Centre,机构,
东屏街道办事处,Dongping Subdistrict Office,机构,非遗项目申报与保护单位
永阳街道办事处,Yongyang Subdistrict Office,机构,非遗项目申报与保护单位
洪蓝街道办事处,Honglan Subdistrict Office,机构,非遗项目申报与保护单位
石湫街道办事处,Shiqiu Subdistrict Office,机构,非遗项目申报与保护单位
白马镇人民政府,Baima Town People's Government,机构,非遗项目申报与保护单位
和凤镇人民政府,Hefeng Town People's Government,机构,非遗项目申报与保护单位
晶桥镇人民政府,Jingqiao Town People's Government,机构,非遗项目申报与保护单位
柘塘卫生院,Zhetang Health Centre,机构,张氏喉科所在单位
溧水开发区管委会,Lishui Development Zone Administrative Committee,机构,金陵旗袍制作技艺申报单位
保护单位待核,Guardian unit to be verified,机构,guardian 字段的待核占位写法，中英同一措辞
晶桥镇文化体育站,Jingqiao Town Culture and Sports Station,机构,
《陶学士集》,Collected Works of Tao An,文献,陶安文集
《游龙鸣山记》,Record of a Visit to Longming Mountain,作品,陶安游记，龙鸣山即无想山
《满庭芳·夏日溧水无想山作》,Man Ting Fang: A Summer Day on Wuxiang Mountain,作品,周邦彦词
《初抵溧水县署》,On First Arriving at the Lishui County Office,作品,袁枚诗
《自溧水道中哭王炎三首》,Three Poems Mourning Wang Yan on the Road from Lishui,作品,李白诗
唐代,Tang dynasty,朝代,条目 era 字段的取值
元代,Yuan dynasty,朝代,条目 era 字段的取值
明嘉靖年间,Jiajing period of the Ming,年号,条目 era 字段的取值
明万历年间,Wanli period of the Ming,年号,条目 era 字段的取值
明永乐年间,Yongle period of the Ming,年号,条目 era 字段的取值
唐武德年间,Wude period of the Tang,年号,条目 era 字段的取值
宋熙宁年间,Xining period of the Song,年号,条目 era 字段的取值
宋元祐年间,Yuanyou period of the Song,年号,条目 era 字段的取值
清康熙年间,the Kangxi period,年号,条目 era 字段的取值
清光绪年间,the Guangxu period,年号,条目 era 字段的取值
非物质文化遗产,intangible cultural heritage,制度,
非遗名录,list of intangible cultural heritage,制度,
保护单位,guardian unit,制度,非遗项目申报表中的「保护单位」
传承人,bearer,制度,非遗代表性传承人
传统村落,Traditional villages,制度,标签与筛选按钮用首字母大写复数，与同排其他按钮体例一致
进士,jinshi (metropolitan graduate),职官,
镇级通名,Town / Subdistrict / Village,规则,镇用 Town，街道用 Subdistrict，村用 Village
南京溧水经济开发区,Nanjing Lishui Economic Development Zone,行政区划,柘塘街道合署机构的全称
永阳,Yongyang,地名,永阳街道
东屏,Dongping,地名,东屏街道
白马,Baima,地名,白马镇
石湫坝,Shiqiu Dam,古迹,石湫街道得名的水利设施，音译专名 + 意译通名
仓口村,Cangkou Village,地名,洪蓝街道塘西村，江苏省传统村落，村内有三座清代宗祠
塘西村,Tangxi Village,行政区划,洪蓝街道
石山下,Shishanxia,地名,晶桥镇芮家村，江苏省传统村落；通名不显，整体音译不加 Village
芮家村,Ruijia Village,行政区划,晶桥镇
上庄,Shangzhuang,地名,洪蓝街道上港社区，江苏省传统村落；通名不显，整体音译
吴村桥村,Wuqiao Village,行政区划,和凤镇，第八批江苏省传统村落陈郭所在行政村
山南村,Shannan Village,行政区划,洪蓝街道，第七批江苏省传统村落；名单报道中与旧镇名连写
陈郭,Chenguo,地名,和凤镇吴村桥村，第八批江苏省传统村落；通名不显，整体音译
蒲塘,Putang,地名,洪蓝街道蒲塘社区；通名不显，整体音译
诸家,Zhujia,地名,和凤镇诸家村；通名不显，整体音译
南京市溧水区人民政府,Nanjing Lishui District People's Government,机构,
江苏省人民政府,Jiangsu Provincial People's Government,机构,
江苏省住房和城乡建设厅,Jiangsu Provincial Department of Housing and Urban-Rural Development,机构,江苏省传统村落名录的公布部门
南京市溧水区民政局,Nanjing Lishui District Civil Affairs Bureau,机构,
南京市溧水区统计局,Nanjing Lishui District Bureau of Statistics,机构,
南京市规划和自然资源局溧水分局,Nanjing Lishui Branch of the Municipal Bureau of Planning and Natural Resources,机构,
江苏省传统村落名录,Jiangsu Traditional Village List,名录,分批次公布，引用时须写明批次与年份
中国传统村落名录,Chinese Traditional Village List,名录,由住房和城乡建设部等部门公布
江苏省传统村落,Traditional Village of Jiangsu,名录,条目 traditional_village 字段的写法之一，英文稿写 Jiangsu Traditional Village (第X批
团山社区,Tuanshan Community,行政区划,柘塘街道办事处驻地
板桥社区,Banqiao Community,行政区划,永阳街道办事处驻地
白马社区,Baima Community,行政区划,白马镇人民政府驻地
方边社区,Fangbian Community,行政区划,东屏街道办事处驻地
三里亭社区,Sanliting Community,行政区划,洪蓝街道办事处驻地
石湫社区,Shiqiu Community,行政区划,石湫街道办事处驻地
双牌石社区,Shuangpaishi Community,行政区划,和凤镇人民政府驻地
新桥社区,Xinqiao Community,行政区划,晶桥镇人民政府驻地
柘塘社区,Zhetang Community,行政区划,与柘塘街道同名的居民委员会；非街道驻地
洪蓝社区,Honglan Community,行政区划,与洪蓝街道同名的居民委员会；非街道驻地
徐溪社区,Xuxi Community,行政区划,东屏街道
长乐社区,Changle Community,行政区划,东屏街道
定湖社区,Dinghu Community,行政区划,东屏街道
金湖社区,Jinhu Community,行政区划,东屏街道
爱廉村,Ailian Village,行政区划,东屏街道
爱民村,Aimin Village,行政区划,东屏街道
和平村,Heping Village,行政区划,东屏街道
丽山村,Lishan Village,行政区划,东屏街道
白鹿村,Bailu Village,行政区划,东屏街道
天生桥河,Tianshengqiao River,水系,水务口径名，与胭脂河同指一段；「天生桥」另有古迹词条
东屏湖,Dongping Lake,湖泊,方便水库的俗称之一，省级湿地公园所在
圩,Polder,水利,通名意译；街镇站原音译作 wei，山水分站统一改作 Polder（山水分站计划 4.4）
廻峰山,Huifeng Mountain,山体,白马镇；神仙洞所在，顶峰标高 229 米（山水分站计划 4.4）
西横山,Xiheng Mountain,山体,区境西部；秦淮河与石臼湖两大水系分水岭
芳山,Fangshan Mountain,山体,晶桥镇芝山行政村一带；海拔 220 米以上
茅山山脉,Maoshan range,山体,廻峰山所依山系；山脉中段在溧水境内
傅家边,Fujiabian,地名,洪蓝街道；通名不显，整体音译，不加 Village
二干河,Ergan River,水系,秦淮河支流；方便水库所在河流；编号整体音译
三干河,Sangan River,水系,秦淮河支流；编号整体音译
新桥河,Xinqiao River,水系,石臼湖水系入湖河道
溧水河,Lishui River,水系,秦淮河水系
云鹤支河,Yunhe River,水系,石臼湖水系支河；专名音译 + 意译通名支河
卧龙水库,Wolong Reservoir,水库,六座中型水库之一
老鸦坝水库,Laoyaba Reservoir,水库,六座中型水库之一
姚家水库,Yaojia Reservoir,水库,六座中型水库之一
赭山头水库,Zheshantou Reservoir,水库,六座中型水库之一
天生桥闸,Tiansheng Bridge Sluice,水利,秦淮河与石臼湖两大水系的分水岭闸
石臼湖堤防,Shijiu Lake dike,水利,石臼湖湖堤
章西圩撇洪沟,Zhangxi Polder diversion channel,水利,撇洪沟
章西圩,Zhangxi Polder,水利,溧水开发区（柘塘街道）一带；「十三五」12 座重点泵站之一
三丫圩,Sanya Polder,水利,溧水开发区（柘塘街道）一带；2019 年批复新建排涝站的三圩之一
凌庄圩,Lingzhuang Polder,水利,溧水开发区（柘塘街道）一带；2019 年批复新建排涝站的三圩之一
金家圩,Jinjia Polder,水利,「十三五」12 座重点泵站之一
大黄圩,Dahuang Polder,水利,「十三五」12 座重点泵站之一
常堡圩,Changbao Polder,水利,洪蓝街道；「十三五」12 座重点泵站之一
富财圩,Fucai Polder,水利,晶桥镇；「十三五」12 座重点泵站之一
横山,Hengshan,山体,西横山与江宁区、安徽当涂县山体的总称
芝山,Zhishan,地名,晶桥镇芝山行政村；芳山所在
湫湖泵站,Qiuhu Pumping Station,水利,秦淮河与石臼湖水系连通工程的补水泵站
当涂闸,Dangtu Sluice,水利,安徽省境内；石臼湖出口控制工程，非溧水境内工程
芜湖闸,Wuhu Sluice,水利,安徽省境内；石臼湖出口控制工程，非溧水境内工程
江苏省林业局,Jiangsu Provincial Forestry Bureau,机构,
江苏省水利厅,Jiangsu Provincial Department of Water Resources,机构,
江苏省自然资源厅,Jiangsu Provincial Department of Natural Resources,机构,
江苏省生态环境厅,Jiangsu Provincial Department of Ecology and Environment,机构,
江苏省农业农村厅,Jiangsu Provincial Department of Agriculture and Rural Affairs,机构,
江苏省发展和改革委员会,Jiangsu Provincial Development and Reform Commission,机构,
南京市人民政府,Nanjing Municipal People's Government,机构,
南京市水务局,Nanjing Municipal Water Affairs Bureau,机构,
南京市文化和旅游局,Nanjing Municipal Bureau of Culture and Tourism,机构,
南京市绿化园林局,Nanjing Municipal Bureau of Greening and Landscaping,机构,
溧水区水务局,Lishui District Water Affairs Bureau,机构,
溧水区农业农村局,Lishui District Bureau of Agriculture and Rural Affairs,机构,
溧水区民政局,Lishui District Civil Affairs Bureau,机构,
溧水区林场,Lishui District Forest Farm,机构,区属林场；设东庐、芳山、秋湖、平山四个分场
宁镇扬,Ningzhenyang,地名,南京—镇江—扬州丘陵山区的合称
秦淮河水系,Qinhuai River system,水系,
石臼湖水系,Shijiu Lake system,水系,
太湖水系,Taihu system,水系,区境东南角 2.73 平方公里属其湖西地区
生态保护红线,ecological protection red line,制度,
自然保护地,natural protected area,制度,
无想山国家森林公园,Jiangsu Lishui Wuxiang Mountain National Forest Park,保护地,2015 年 1 月批准设立
江苏溧水石臼湖省级湿地公园,Jiangsu Lishui Shijiu Lake Provincial Wetland Park,保护地,2019 年 11 月批复设立
东屏湖省级湿地公园,Dongping Lake Provincial Wetland Park,保护地,方便水库所在；2019 年 3 月 20 日苏林湿〔2019〕10 号
中国南京国际梅花节,China Nanjing International Plum Blossom Festival,事件,溧水傅家边为分会场
溧水赏梅季,Lishui Plum Blossom Season,事件,溧水区自办活动；与中国南京国际梅花节不是同一名称
南京溧水草莓马拉松,Nanjing Lishui Strawberry Marathon,事件,2024 年赛事名；与「溧水半程马拉松」为同一赛事的逐年名称
无想周末,Wuxiang Weekend,事件,2026 年配套活动
溧马趣跑,Lishui Marathon Fun Run,事件,溧马为溧水马拉松简称，按全称既有译法作 Lishui Marathon；正文原用通名 fun run，入表后统一
小天鹅,Tundra swan,物种,英文稿正文按来源原文作 swans
云鹤山村,Yunheshan Village,地名,晶桥镇下辖村
沙岗村,Shagang Village,地名,云鹤支河入新桥河处
沙岗桥,Shagang Bridge,水利,云鹤支河断面
仙坛水库,Xiantan Reservoir,水库,《溧水区水利工程管理和保护办法》第二十五条名单
云鹤山水库,Yunheshan Reservoir,水库,《溧水区水利工程管理和保护办法》第二十五条名单
山里沟水库,Shanligou Reservoir,水库,《溧水区水利工程管理和保护办法》第二十五条名单
曹庄水库,Caozhuang Reservoir,水库,《溧水区水利工程管理和保护办法》第二十五条名单
乌刹桥,Wucha Bridge,水利,溧水河省考断面；东屏街道环评报告表记作二干河入秦淮河处
开太桥,Kaitai Bridge,水利,二干河省考断面
群力,Qunli,地名,原乡镇名，今柘塘街道居民委员会
史家庄闸,Shijiazhuang Sluice,水利,三干河治理段起点
石湫坝闸站,Shiqiuba Sluice-Pump Station,水利,三干河治理段终点
南岗河,Nangang River,水系,石湫圩西侧，于史家庄闸闸下汇入三干河
石岗桥,Shigang Bridge,水利,三干河市考断面
群英桥,Qunying Bridge,水利,新桥河省考断面
白马河,Baima River,水系,新桥河组成部分，不另算一条河道
方山埭,Fangshandai,地名,江宁区境内，秦淮河两源汇合地
张塘角,Zhangtangjiao Village,地名,马拉松赛道沿线
张许村,Zhangxu Village,地名,和凤镇沿湖露营点
许家村,Xujia Village,地名,和凤镇沿湖草海景观处
三星村,Sanxing Village,地名,石湫街道沿湖草海景观处
龙猫草海,Longmao Grass Sea,地名,和凤中杨村旁观鸟点；引号内可作 Longmao grass sea
无想寺水库,Wuxiang Temple Reservoir,水库,马拉松赛道地标
梅花山,Plum Blossom Mountain,山体,马拉松赛道地标
神山湖,Shenshan Lake,湖泊,露营基地之一
金色庄园,Golden Manor,机构,南京金色庄园草莓基地
无想水镇,Wuxiang Water Town,地名,迷你跑终点
骆山花火露营公园,Luoshan Fireworks Camping Park,机构,和凤镇，2023 年建成
梦华苑花海露营基地,Menghuayuan Flower Sea Camping Base,机构,2023 年同步打造的露营基地
悦野轻奢,Yueye Light Luxury,机构,2023 年同步打造的露营基地
句容河,Jurong River,水系,秦淮河北源，句容市境内
宝华山,Baohua Mountain,山体,句容市境内，秦淮河北源所出
致远路,Zhiyuan Road,道路,马拉松起终点所在
涌泉路,Yongquan Road,道路,马拉松起终点所在
无想山大道,Wuxiang Mountain Avenue,道路,马拉松路段
竹海大道,Zhuhai Avenue,道路,2024 年折返点
徒村王线,Tucunwang Line,道路,乡村公路线名
八里岗路,Baligang Road,道路,迷你跑路段
随园路,Suiyuan Road,道路,迷你跑路段
金井路,Jinjing Road,道路,迷你跑路段
105 县道无付线,County Road 105 Wufu Line,道路,2026 年折返点
305 县道蒲杜线,County Road 305 Pudu Line,道路,马拉松路段
溧水半程马拉松,Lishui Half Marathon,事件,
傅家边农业科技观光园,Fujiabian Agricultural Science and Technology Sightseeing Park,机构,AAA 级景区；名录名称为正名
蟹塘社区,"Xietang Community",行政区划,石湫街道；马庄龙灯所在地
向阳村,"Xiangyang Village",行政区划,石湫街道；张家龙灯所在地。与和凤镇张家村非一地
张家,Zhangjia,地名,石湫街道向阳村所辖聚落；张家龙灯流传地。与和凤镇张家村非一地
陡门圩,Doumenxu,地名,和凤镇孔镇社区；喇叭灯（走马灯）所在地
浮山村,"Fushan Village",行政区划,白马镇；小籽花生所在地
月牙湖,Yueyahu,地名,和凤镇；白茶非遗工坊与茶品牌相关
崇庆寺,"Chongqing Temple",寺庙,永阳街道东庐山麓，梁大通年间始建
东庐观音寺,"Donglu Guanyin Temple",寺庙,永阳街道；1999年迁建，元代始建
分金井,"Fenjin Well",古迹,晶桥镇白石观；金井涌泉的别称，旧志引李白《分金井》指认
秦淮第一泉,"First Spring of the Qinhuai",古迹,永阳街道东庐观音寺旁；媒体报道为现代重建
卞和,Bian He,人名,传说人物；旧志称白石观为旧传卞和获玉之地
望玉山,"Wangyu Mountain",山体,溧水与高淳分界山
荆山,Jingshan,山体,康熙《溧水县志》记白石观所在荆山中
永昌寺,"Yongchang Temple",寺庙,永寿寺初名，永昌桥桥名来源
青洪山,"Qinghong Mountain",山体,秋湖山旧名，方言讹变
仙杏山,"Xianxing Mountain",山体,寻仙观所在山
仙坛山,"Xiantan Mountain",山体,仙杏山别名
仙坛山铭,"Xiantan Mountain Inscription",文献,唐代碑铭
洗眼池,"Eye-Washing Pool",古迹,旧志所载四迹之一
洞壁琴音,"Music from the Cavern Wall",名胜,中山八景之一
中山八景,"Eight Views of Zhongshan",名胜,溧水别称中山
石龙潭,"Stone Dragon Pool",水系,光绪志著录，用字待定
虞庆,"Yu Qing",人名,南宋溧水知县
甘清涟,"Gan Qinglian",人名,清画家
王明标,"Wang Mingbiao",人名,清人，题《洞壁琴音》诗
尚义桥,"Shangyi Bridge",古迹,蒲塘桥旧名，康熙志作「尚義橋」
赵琪,"Zhao Qi",人名,康熙志载尚义坊为义民赵琪立
七桥瓮,Qiqiaoweng,古迹,清人赵琪所建
蒲塘河,"Putang River",水系,
杨陶然,"Yang Taoran",人名,金陵旗袍制作技艺传承人（报道口径第四代）
祠山大帝,"Cishan Emperor",神祇,和凤镇一带所祀；乌饭会「出菩萨」所指
陈郭村,"Chenguo Village",地名,和凤镇吴村桥村所辖；省级传统村落
吴村桥,"Wucunqiao",行政区划,和凤镇吴村桥村
凉篷下,"Liangpengxia",地名,永阳街道；掐丝珐琅体验地
秦淮路社区,"Qinhuai Road Community",行政区划,永阳街道；传统插花保护单位所在
随园食单,"Recipes from the Sui Garden (Suiyuan Shidan)",文献,袁枚撰；记溧水酿酒与乌饭
汤鹏,"Tang Peng",人名,字天池，铁画创始人，溧水人侨芜湖
汤天池,"Tang Tianchi",人名,汤鹏之字
萧云从,"Xiao Yuncong",人名,清画家，与铁画源流相关
芜湖铁画,"Wuhu Iron Painting",非遗,国家级项目；与明觉铁画不同项目，勿混
左伯桃,"Zuo Botao",人名,义气墩传说人物
羊角哀,"Yang Jiao'ai",人名,义气墩传说人物
史芳婆,"Shi Fangpo",人名,乌饭会传说人物
南烛,nanzhu,物产,乌饭树叶；青精饭原料
青精饭,"qingjing rice",饮食,南烛叶染制的饭；乌饭会与袁枚所记
洪蓝龙舟竞渡大赛,"Honglan Dragon-boat Race",事件,端午举办；与袁村划龙船不同
旱船,"land boat",器物,袁村划龙船所用道具
罗村,Luocun,地名,袁村划龙船相关
明觉乡,"Mingjue Township",行政区划,旧乡名，今石湫街道明觉
白季庚,"Bai Jigeng",人名,唐代溧水县令，白居易之父辈
崔衍,"Cui Yan",人名,唐代，与白季庚相关
翟畋,"Zhai Tian",人名,唐代溧水县令
潘埜,"Pan Ye",人名,旧志所记溧水人物
黄宗载,"Huang Zongzai",人名,旧志所记溧水人物
姚鼐,"Yao Nai",人名,清代古文家，撰袁枚墓志铭
郭骏,"Guo Jun",人名,方言学者
顾黔,"Gu Qian",人名,方言学者，溧水方言分区研究
李荣,"Li Rong",人名,语言学家
游汝杰,"You Rujie",人名,方言学者
许宝华,"Xu Baohua",人名,方言学者
汤珍珠,"Tang Zhenzhu",人名,方言学者
郑张尚芳,"Zhengzhang Shangfang",人名,语言学家
傅国通,"Fu Guotong",人名,方言学者
王拾遗,"Wang Shiyi",人名,学者
朱偰,"Zhu Xie",人名,学者
通济街,"Tongji Street",地名,溧水城区街道
明伦堂,"Minglun Hall",建筑,学宫正殿
尊经阁,"Zunjing Library",建筑,学宫藏书处
敬一亭,"Jingyi Pavilion",建筑,学宫建筑
泮池,"Pan Pool",建筑,学宫前水池
棂星门,"Lingxing Gate",建筑,学宫正门
白氏长庆集,"Bai shi changqing ji",文献,白居易文集；收白季庚墓志铭
小仓山房诗文集,"Collected Poems of the Xiaocang Mountain Studio",文献,袁枚诗文集
随园诗话,"Suiyuan Poetry Talks",文献,袁枚撰；记其知溧水事
惜抱轩文集,"Xibaoxuan wenji",文献,姚鼐文集
南京社会科学,"Nanjing Journal of Social Sciences",文献,期刊；载溧水方言论文
神行村,"Shenxing Village",地名,上庄旧称
出菩萨,"Chupusa",民俗,上庄明代祭祀活动
雍明福老宅,"Yong Mingfu House",建筑,上庄村老宅
傅成思老宅,"Fu Chengsi House",建筑,上庄村老宅
岳城,"Yue City",古迹,晶桥镇；相传岳飞抗金故垒
岳飞,"Yue Fei",人名,南宋名将
长山八景,"Eight Views of Changshan",景观,邰村一带
仙墟杨家,"Xianxu Yangjia",地名,杨家村旧称
四知堂,"Sizhitang",祠堂,杨氏堂号
杨墟仓,"Yangxu Granary",地名,杨家村相关
大宗园遗址,"Dazongyuan Site",遗址,溧水古遗址
黉庙,Hongmiao,建筑,邰村相关
栖凤路,"Qifeng Road",地名,溧水城区道路
吴敬梓,"Wu Jingzi",人名,清代小说家
客民话,keminhua,术语,溧水南部方言，顾黔所用称法
明觉风鱼,"Mingjue Cured Fish",非遗,溧水区级非遗项目
赖,Lai,地名,春秋小国；旧志「赖即濑水」非正史明文，赖厉通假
孙儒,"Sun Ru",人名,唐末军阀；康熙志作「孙孺」
李神福,"Li Shenfu",人名,唐末将领；康熙志作「李福」
苏乃,"Su Nai",人名,楚将，取陵平；元方志作「佞苏乃」
宇文述,"Yuwen Shu",人名,隋将，割置溧水
李雄,"Li Xiong",人名,江南军都统使，开宝八年被斩；旧志或作张雄
张雄,"Zhang Xiong",人名,与李雄异文
张国维,"Zhang Guowei",人名,明末，《吴中水利全书》编者
韩邦宪,"Han Bangxian",人名,明人，论溧水湖田
韩元吉,"Han Yuanji",人名,南宋人
张铉,"Zhang Xuan",人名,元《至大金陵新志》纂者
周应合,"Zhou Yinghe",人名,南宋《景定建康志》纂者
马光祖,"Ma Guangzu",人名,南宋建康知府，《景定建康志》主修
徐旺荣,"Xu Wangrong",人名,宋人
蔡京,"Cai Jing",人名,北宋权臣；永丰圩曾赐之
韩世忠,"Han Shizhong",人名,南宋名将；永丰圩曾赐之
文宗,"Wenzong",人名,元文宗；集庆路以潜邸改名
陈功礼,"Chen Gongli",人名,溧水大轰炸相关
陈斯白,"Chen Sibai",人名,溧水大轰炸相关
齐光裕,"Qi Guangyu",人名,明人，中山书院碑相关
李默,"Li Mo",人名,明人，撰中山书院官给田房记
吴大林,"Wu Dalin",人名,溧水文史研究者
权仁溶,"Quan Renrong",人名,学者
杭宏秋,"Hang Hongqiu",人名,学者
田建明,"Tian Jianming",人名,学者
隋书,"Book of Sui",文献,唐魏征等撰
旧唐书,"Old Book of Tang",文献,后晋刘昫等撰
新唐书,"New Book of Tang",文献,宋欧阳修等撰
资治通鉴,"Zizhi Tongjian",文献,宋司马光撰
晋书,"Book of Jin",文献,唐房玄龄等撰
汉书,"Book of Han",文献,汉班固撰
建康实录,"Jiankang Shilu",文献,唐许嵩撰
元和郡县图志,"Yuanhe Junxian Tuzhi",文献,唐李吉甫撰
续资治通鉴长编,"Xu Zizhi Tongjian Changbian",文献,南宋李焘撰
宋史,"History of Song",文献,元脱脱等撰
元史,"History of Yuan",文献,明宋濂等撰
宋会要辑稿,"Song Huiyao Jigao",文献,清徐松辑
文献通考,"Wenxian Tongkao",文献,元马端临撰
吴中水利全书,"Complete Book of Water Conservancy in the Wu Region",文献,明张国维撰
至大金陵新志,"Zhida Jinling Xinzhi",文献,元张铉纂
景定建康志,"Jingding Jiankang Zhi",文献,南宋周应合纂
野兽在江南,"Wild Beasts in Jiangnan",文献,抗战时期报道集
前线日报,"Frontline Daily",文献,抗战时期报纸
铁证如山,"Ironclad Evidence",文献,南京大屠杀史料集
银树,"Yinshu",地名,元兵趋溧水所破；或作银林
银林,"Yinlin",地名,银树异写
建平县,"Jianping County",行政区划,宋元县名，今安徽郎溪一带
彭福村,"Pengfu Village",地名,溧水村落
淮西总领所,"Huai-West General Accounting Office",机构,南宋财政机构
淘金总管府,"Gold-Washing Administration",机构,元建康路淘金机构
提举司,"Superintendency",机构,与淘金总管府异说
都统使,"dutong shi",制度,江南军职；开宝八年李雄任
徽猷阁待制,"Attendant of the Xuanhe Pavilion",制度,宋贴职；卢襄以此知江宁府
倚阁,"yige",制度,宋代赋税缓征
